regtype,beta1,beta2,beta4,beta5,beta7,beta8,beta9,beta10,beta0
reg_quint_ratioavsp_q1,0.813,0.707,1.82,1.21,-1.024,-0.004,-15.014,1.488,-29.49785281269848
reg_quint_ratioavsp_q2,0.803,0.707,1.8,1.217,-0.999,-0.004,-16.935,1.56,-29.731642267052884
reg_quint_ratioavsp_q3,0.778,0.709,1.936,1.206,-1.039,-0.002,-16.585,1.448,-29.955067074749
reg_quint_ratioavsp_q4,0.794,0.709,1.91,1.202,-1.036,-0.002,-16.472,1.437,-30.00606806854494
reg_quint_ratioavsp_q5,0.791,0.71,1.838,1.192,-1.058,-0.0,-16.786,1.342,-29.39059048285245
