regtype,beta1,beta2,beta4,beta5,beta7,beta8,beta9,beta10,beta0
reg_quint_ratioavsp_q1,0.801,0.706,1.649,1.162,-1.025,-0.004,-16.911,1.523,-28.01004974641956
reg_quint_ratioavsp_q2,0.789,0.707,1.775,1.164,-1.035,-0.005,-17.111,1.472,-28.81751565629777
reg_quint_ratioavsp_q3,0.787,0.707,1.808,1.159,-1.043,-0.003,-17.184,1.446,-28.905135309054522
reg_quint_ratioavsp_q4,0.786,0.706,1.876,1.158,-1.027,-0.004,-17.476,1.449,-29.600870132265086
reg_quint_ratioavsp_q5,0.794,0.71,1.871,1.141,-1.089,-0.0,-18.635,1.274,-29.092370898485658
