regtype,beta1,beta2,beta4,beta5,beta7,beta8,beta9,beta10,beta0
reg_quint_ratioavsp_q1,0.801,0.706,1.644,1.161,-1.029,-0.004,-16.684,1.516,-27.93088376973248
reg_quint_ratioavsp_q2,0.189,0.707,1.767,1.162,-1.039,-0.005,-17.021,1.466,-19.738203269063224
reg_quint_ratioavsp_q3,0.786,0.707,1.807,1.157,-1.045,-0.003,-17.268,1.44,-28.864809288502325
reg_quint_ratioavsp_q4,0.788,0.706,1.877,1.157,-1.025,-0.003,-17.316,1.449,-29.671192574810313
reg_quint_ratioavsp_q5,0.794,0.71,1.873,1.141,-1.089,-0.0,-18.785,1.279,-29.101420602742653
